CREATE DATABASE  IF NOT EXISTS `sisa` /*!40100 DEFAULT CHARACTER SET latin1 */;
USE `sisa`;

/*!40101 SET @OLD_CHARACTER_SET_CLIENT=@@CHARACTER_SET_CLIENT */;
/*!40101 SET @OLD_CHARACTER_SET_RESULTS=@@CHARACTER_SET_RESULTS */;
/*!40101 SET @OLD_COLLATION_CONNECTION=@@COLLATION_CONNECTION */;
/*!40101 SET NAMES utf8 */;
/*!40014 SET @OLD_UNIQUE_CHECKS=@@UNIQUE_CHECKS, UNIQUE_CHECKS=0 */;
/*!40014 SET @OLD_FOREIGN_KEY_CHECKS=@@FOREIGN_KEY_CHECKS, FOREIGN_KEY_CHECKS=0 */;
/*!40101 SET @OLD_SQL_MODE=@@SQL_MODE, SQL_MODE='NO_AUTO_VALUE_ON_ZERO' */;
/*!40111 SET @OLD_SQL_NOTES=@@SQL_NOTES, SQL_NOTES=0 */;

INSERT INTO `academics_periods` (`academic_period_id`, `year`, `semester`, `type`) VALUES (1,2016,1,'anual');

INSERT INTO `actions` (`action_id`, `description`) VALUES (1,'Listar');
INSERT INTO `actions` (`action_id`, `description`) VALUES (2,'Incluir');
INSERT INTO `actions` (`action_id`, `description`) VALUES (3,'Editar');
INSERT INTO `actions` (`action_id`, `description`) VALUES (4,'Excluir');

INSERT INTO `campus` (`campus_id`, `name`, `cnpj`, `rectory_id`) VALUES (1,'IFSULDEMINAS Campus Poços de Caldas','10.648.539/0009-62',1);

INSERT INTO `campus_courses` (`course_id`, `campus_id`) VALUES (1,1);

INSERT INTO `classes_programming` (`programming_id`, `content`, `classes_quantity`, `class_type`, `teaching_plan_id`) VALUES (1,'Conteúdo 1',4,2,1);
INSERT INTO `classes_programming` (`programming_id`, `content`, `classes_quantity`, `class_type`, `teaching_plan_id`) VALUES (2,'Conteúdo Prático',6,1,1);

INSERT INTO `courses` (`course_id`, `name`, `short_name`, `modality`, `shift`) VALUES (1,'Técnico em Informática Integrado ao Ensino Médio','INF',4,1);

INSERT INTO `disciplines` (`discipline_id`, `period_series`, `menu`, `name`, `week_classes`, `type`) VALUES (1,1,'Linguagem verbal e não-verbal. Registros Linguísticos (modalidade oral e escrita, níveis de registro, variedades linguísticas e estilísticas, variação e mudança linguística). História da Língua Portuguesa. Fatores de Textualidade: Intencionalidade, Aceitabilidade, Informatividade, Intertextualidade e Situacionalidade. Tipos Textuais (narração, descrição, exposição, injunção e dissertação): definição e caracterização. Gêneros Textuais: definição, caracterização e funcionalidade. Conotação e Denotação. Fonologia, Acentuação e Ortografia. Morfologia: Classe de palavras. Sintaxe: Termos da Oração. Semântica: Categorização. Compreensão e Produção dos gêneros textuais: seminário, resumo, manual de instrução, relatório e crônica. Cultura, arte e literatura. Periodização da Literatura Brasileira. Literatura Informativa. Barroco. Arcadismo.','Língua Portuguesa e Literatura',4,'-');

INSERT INTO `menus` (`menu_id`, `parent_id`, `description`, `menu_order`, `page_id`) VALUES (1,NULL,'Pedagógico',4,1);
INSERT INTO `menus` (`menu_id`, `parent_id`, `description`, `menu_order`, `page_id`) VALUES (2,NULL,'Instituição',2,1);
INSERT INTO `menus` (`menu_id`, `parent_id`, `description`, `menu_order`, `page_id`) VALUES (4,NULL,'Período Acadêmico',9,1);
INSERT INTO `menus` (`menu_id`, `parent_id`, `description`, `menu_order`, `page_id`) VALUES (6,NULL,'Funções',13,1);
INSERT INTO `menus` (`menu_id`, `parent_id`, `description`, `menu_order`, `page_id`) VALUES (7,NULL,'Sistema',12,1);
INSERT INTO `menus` (`menu_id`, `parent_id`, `description`, `menu_order`, `page_id`) VALUES (9,1,'PPC´s',10,15);
INSERT INTO `menus` (`menu_id`, `parent_id`, `description`, `menu_order`, `page_id`) VALUES (10,1,'Disciplinas',11,11);
INSERT INTO `menus` (`menu_id`, `parent_id`, `description`, `menu_order`, `page_id`) VALUES (11,1,'Disciplinas dos PPC´s',12,16);
INSERT INTO `menus` (`menu_id`, `parent_id`, `description`, `menu_order`, `page_id`) VALUES (12,1,'Cursos',8,10);
INSERT INTO `menus` (`menu_id`, `parent_id`, `description`, `menu_order`, `page_id`) VALUES (14,39,'Planos de Ensino',1,21);
INSERT INTO `menus` (`menu_id`, `parent_id`, `description`, `menu_order`, `page_id`) VALUES (15,39,'Programação das Aulas',2,9);
INSERT INTO `menus` (`menu_id`, `parent_id`, `description`, `menu_order`, `page_id`) VALUES (16,2,'Reitorias',1,18);
INSERT INTO `menus` (`menu_id`, `parent_id`, `description`, `menu_order`, `page_id`) VALUES (17,2,'Campus',2,7);
INSERT INTO `menus` (`menu_id`, `parent_id`, `description`, `menu_order`, `page_id`) VALUES (18,1,'Cursos do Campus',9,8);
INSERT INTO `menus` (`menu_id`, `parent_id`, `description`, `menu_order`, `page_id`) VALUES (19,38,'Autores',2,4);
INSERT INTO `menus` (`menu_id`, `parent_id`, `description`, `menu_order`, `page_id`) VALUES (20,38,'Autores das Bibliografias',4,6);
INSERT INTO `menus` (`menu_id`, `parent_id`, `description`, `menu_order`, `page_id`) VALUES (21,38,'Bibliografias',3,5);
INSERT INTO `menus` (`menu_id`, `parent_id`, `description`, `menu_order`, `page_id`) VALUES (22,1,'Bibliografias das Disciplinas',13,12);
INSERT INTO `menus` (`menu_id`, `parent_id`, `description`, `menu_order`, `page_id`) VALUES (23,4,'Responsáveis',3,19);
INSERT INTO `menus` (`menu_id`, `parent_id`, `description`, `menu_order`, `page_id`) VALUES (24,39,'Verificações',7,25);
INSERT INTO `menus` (`menu_id`, `parent_id`, `description`, `menu_order`, `page_id`) VALUES (25,4,'Períodos Acadêmicos',1,2);
INSERT INTO `menus` (`menu_id`, `parent_id`, `description`, `menu_order`, `page_id`) VALUES (26,4,'Períodos Acadêmicos dos Cursos',2,3);
INSERT INTO `menus` (`menu_id`, `parent_id`, `description`, `menu_order`, `page_id`) VALUES (27,39,'Avaliações',3,13);
INSERT INTO `menus` (`menu_id`, `parent_id`, `description`, `menu_order`, `page_id`) VALUES (28,39,'Procedimentos de Avaliação',4,17);
INSERT INTO `menus` (`menu_id`, `parent_id`, `description`, `menu_order`, `page_id`) VALUES (29,6,'Funções',1,20);
INSERT INTO `menus` (`menu_id`, `parent_id`, `description`, `menu_order`, `page_id`) VALUES (30,6,'Funções do Usuário',2,23);
INSERT INTO `menus` (`menu_id`, `parent_id`, `description`, `menu_order`, `page_id`) VALUES (31,7,'Páginas',1,14);
INSERT INTO `menus` (`menu_id`, `parent_id`, `description`, `menu_order`, `page_id`) VALUES (32,7,'Funções das Páginas',2,28);
INSERT INTO `menus` (`menu_id`, `parent_id`, `description`, `menu_order`, `page_id`) VALUES (33,7,'Ações',3,26);
INSERT INTO `menus` (`menu_id`, `parent_id`, `description`, `menu_order`, `page_id`) VALUES (34,7,'Menus',4,27);
INSERT INTO `menus` (`menu_id`, `parent_id`, `description`, `menu_order`, `page_id`) VALUES (35,7,'Usuários',5,24);
INSERT INTO `menus` (`menu_id`, `parent_id`, `description`, `menu_order`, `page_id`) VALUES (36,39,'Plano de Ensino Completo',5,30);
INSERT INTO `menus` (`menu_id`, `parent_id`, `description`, `menu_order`, `page_id`) VALUES (37,39,'Verificações do Plano de Ensino',6,31);
INSERT INTO `menus` (`menu_id`, `parent_id`, `description`, `menu_order`, `page_id`) VALUES (38,NULL,'Bibliografias',5,1);
INSERT INTO `menus` (`menu_id`, `parent_id`, `description`, `menu_order`, `page_id`) VALUES (39,NULL,'Plano de Ensino',7,1);
INSERT INTO `menus` (`menu_id`, `parent_id`, `description`, `menu_order`, `page_id`) VALUES (40,1,'Estágio',7,22);

INSERT INTO `pages` (`page_id`, `name`, `url`) VALUES (1,'--DefaultMenu--','');
INSERT INTO `pages` (`page_id`, `name`, `url`) VALUES (2,'AcademicPeriod','listAcademicPeriod.xhtml');
INSERT INTO `pages` (`page_id`, `name`, `url`) VALUES (3,'AcademicPeriodCourse','listAcademicPeriodCourse.xhtml');
INSERT INTO `pages` (`page_id`, `name`, `url`) VALUES (4,'Author','listAuthor.xhtml');
INSERT INTO `pages` (`page_id`, `name`, `url`) VALUES (5,'Bibliography','listBibliography.xhtml');
INSERT INTO `pages` (`page_id`, `name`, `url`) VALUES (6,'BibliographyAuthor','listBibliographyAuthor.xhtml');
INSERT INTO `pages` (`page_id`, `name`, `url`) VALUES (7,'Campus','listCampus.xhtml');
INSERT INTO `pages` (`page_id`, `name`, `url`) VALUES (8,'CampusCourse','listCampusCourse.xhtml');
INSERT INTO `pages` (`page_id`, `name`, `url`) VALUES (9,'ClassProgramming','listClassProgramming.xhtml');
INSERT INTO `pages` (`page_id`, `name`, `url`) VALUES (10,'Course','listCourse.xhtml');
INSERT INTO `pages` (`page_id`, `name`, `url`) VALUES (11,'Discipline','listDiscipline.xhtml');
INSERT INTO `pages` (`page_id`, `name`, `url`) VALUES (12,'DisciplineBibliography','listDisciplineBibliography.xhtml');
INSERT INTO `pages` (`page_id`, `name`, `url`) VALUES (13,'Evaluation','listEvaluation.xhtml');
INSERT INTO `pages` (`page_id`, `name`, `url`) VALUES (14,'Page','listPage.xhtml');
INSERT INTO `pages` (`page_id`, `name`, `url`) VALUES (15,'Ppc','listPpc.xhtml');
INSERT INTO `pages` (`page_id`, `name`, `url`) VALUES (16,'PpcDiscipline','listPpcDiscipline.xhtml');
INSERT INTO `pages` (`page_id`, `name`, `url`) VALUES (17,'ProcedureEvaluation','listProcedureEvaluation.xhtml');
INSERT INTO `pages` (`page_id`, `name`, `url`) VALUES (18,'Rectory','listRectory.xhtml');
INSERT INTO `pages` (`page_id`, `name`, `url`) VALUES (19,'Responsible','listResponsible.xhtml');
INSERT INTO `pages` (`page_id`, `name`, `url`) VALUES (20,'Role','listRole.xhtml');
INSERT INTO `pages` (`page_id`, `name`, `url`) VALUES (21,'TeachingPlan','listTeachingPlan.xhtml');
INSERT INTO `pages` (`page_id`, `name`, `url`) VALUES (22,'Traineeship','listTraineeship.xhtml');
INSERT INTO `pages` (`page_id`, `name`, `url`) VALUES (23,'UserRole','listUserRole.xhtml');
INSERT INTO `pages` (`page_id`, `name`, `url`) VALUES (24,'Users','listUsers.xhtml');
INSERT INTO `pages` (`page_id`, `name`, `url`) VALUES (25,'Verification','listVerification.xhtml');
INSERT INTO `pages` (`page_id`, `name`, `url`) VALUES (26,'Action','listAction.xhtml');
INSERT INTO `pages` (`page_id`, `name`, `url`) VALUES (27,'Menu','listMenu.xhtml');
INSERT INTO `pages` (`page_id`, `name`, `url`) VALUES (28,'PageRole','listPageRole.xhtml');
INSERT INTO `pages` (`page_id`, `name`, `url`) VALUES (29,'Home','home.xhtml');
INSERT INTO `pages` (`page_id`, `name`, `url`) VALUES (30,'CompleteTeachingPlan','listCompleteTeachingPlan.xhtml');
INSERT INTO `pages` (`page_id`, `name`, `url`) VALUES (31,'TeachingPlanVerification','listTeachingPlanVerification.xhtml');
INSERT INTO `pages` (`page_id`, `name`, `url`) VALUES (32,'TeachingPlansToEvaluate','teachingPlansToEvaluate.xhtml');

INSERT INTO `pages_roles` (`page_id`, `role_id`, `action_id`) VALUES (1,1,1);
INSERT INTO `pages_roles` (`page_id`, `role_id`, `action_id`) VALUES (1,1,2);
INSERT INTO `pages_roles` (`page_id`, `role_id`, `action_id`) VALUES (1,1,3);
INSERT INTO `pages_roles` (`page_id`, `role_id`, `action_id`) VALUES (1,1,4);
INSERT INTO `pages_roles` (`page_id`, `role_id`, `action_id`) VALUES (2,1,1);
INSERT INTO `pages_roles` (`page_id`, `role_id`, `action_id`) VALUES (2,1,2);
INSERT INTO `pages_roles` (`page_id`, `role_id`, `action_id`) VALUES (2,1,3);
INSERT INTO `pages_roles` (`page_id`, `role_id`, `action_id`) VALUES (2,1,4);
INSERT INTO `pages_roles` (`page_id`, `role_id`, `action_id`) VALUES (3,1,1);
INSERT INTO `pages_roles` (`page_id`, `role_id`, `action_id`) VALUES (3,1,2);
INSERT INTO `pages_roles` (`page_id`, `role_id`, `action_id`) VALUES (3,1,3);
INSERT INTO `pages_roles` (`page_id`, `role_id`, `action_id`) VALUES (3,1,4);
INSERT INTO `pages_roles` (`page_id`, `role_id`, `action_id`) VALUES (4,1,1);
INSERT INTO `pages_roles` (`page_id`, `role_id`, `action_id`) VALUES (4,1,2);
INSERT INTO `pages_roles` (`page_id`, `role_id`, `action_id`) VALUES (4,1,3);
INSERT INTO `pages_roles` (`page_id`, `role_id`, `action_id`) VALUES (4,1,4);
INSERT INTO `pages_roles` (`page_id`, `role_id`, `action_id`) VALUES (5,1,1);
INSERT INTO `pages_roles` (`page_id`, `role_id`, `action_id`) VALUES (5,1,2);
INSERT INTO `pages_roles` (`page_id`, `role_id`, `action_id`) VALUES (5,1,3);
INSERT INTO `pages_roles` (`page_id`, `role_id`, `action_id`) VALUES (5,1,4);
INSERT INTO `pages_roles` (`page_id`, `role_id`, `action_id`) VALUES (6,1,1);
INSERT INTO `pages_roles` (`page_id`, `role_id`, `action_id`) VALUES (6,1,2);
INSERT INTO `pages_roles` (`page_id`, `role_id`, `action_id`) VALUES (6,1,3);
INSERT INTO `pages_roles` (`page_id`, `role_id`, `action_id`) VALUES (6,1,4);
INSERT INTO `pages_roles` (`page_id`, `role_id`, `action_id`) VALUES (7,1,1);
INSERT INTO `pages_roles` (`page_id`, `role_id`, `action_id`) VALUES (7,1,2);
INSERT INTO `pages_roles` (`page_id`, `role_id`, `action_id`) VALUES (7,1,3);
INSERT INTO `pages_roles` (`page_id`, `role_id`, `action_id`) VALUES (7,1,4);
INSERT INTO `pages_roles` (`page_id`, `role_id`, `action_id`) VALUES (8,1,1);
INSERT INTO `pages_roles` (`page_id`, `role_id`, `action_id`) VALUES (8,1,2);
INSERT INTO `pages_roles` (`page_id`, `role_id`, `action_id`) VALUES (8,1,3);
INSERT INTO `pages_roles` (`page_id`, `role_id`, `action_id`) VALUES (8,1,4);
INSERT INTO `pages_roles` (`page_id`, `role_id`, `action_id`) VALUES (9,1,1);
INSERT INTO `pages_roles` (`page_id`, `role_id`, `action_id`) VALUES (9,1,2);
INSERT INTO `pages_roles` (`page_id`, `role_id`, `action_id`) VALUES (9,1,3);
INSERT INTO `pages_roles` (`page_id`, `role_id`, `action_id`) VALUES (9,1,4);
INSERT INTO `pages_roles` (`page_id`, `role_id`, `action_id`) VALUES (10,1,1);
INSERT INTO `pages_roles` (`page_id`, `role_id`, `action_id`) VALUES (10,1,2);
INSERT INTO `pages_roles` (`page_id`, `role_id`, `action_id`) VALUES (10,1,3);
INSERT INTO `pages_roles` (`page_id`, `role_id`, `action_id`) VALUES (10,1,4);
INSERT INTO `pages_roles` (`page_id`, `role_id`, `action_id`) VALUES (11,1,1);
INSERT INTO `pages_roles` (`page_id`, `role_id`, `action_id`) VALUES (11,1,2);
INSERT INTO `pages_roles` (`page_id`, `role_id`, `action_id`) VALUES (11,1,3);
INSERT INTO `pages_roles` (`page_id`, `role_id`, `action_id`) VALUES (11,1,4);
INSERT INTO `pages_roles` (`page_id`, `role_id`, `action_id`) VALUES (12,1,1);
INSERT INTO `pages_roles` (`page_id`, `role_id`, `action_id`) VALUES (12,1,2);
INSERT INTO `pages_roles` (`page_id`, `role_id`, `action_id`) VALUES (12,1,3);
INSERT INTO `pages_roles` (`page_id`, `role_id`, `action_id`) VALUES (12,1,4);
INSERT INTO `pages_roles` (`page_id`, `role_id`, `action_id`) VALUES (13,1,1);
INSERT INTO `pages_roles` (`page_id`, `role_id`, `action_id`) VALUES (13,1,2);
INSERT INTO `pages_roles` (`page_id`, `role_id`, `action_id`) VALUES (13,1,3);
INSERT INTO `pages_roles` (`page_id`, `role_id`, `action_id`) VALUES (13,1,4);
INSERT INTO `pages_roles` (`page_id`, `role_id`, `action_id`) VALUES (14,1,1);
INSERT INTO `pages_roles` (`page_id`, `role_id`, `action_id`) VALUES (14,1,2);
INSERT INTO `pages_roles` (`page_id`, `role_id`, `action_id`) VALUES (14,1,3);
INSERT INTO `pages_roles` (`page_id`, `role_id`, `action_id`) VALUES (14,1,4);
INSERT INTO `pages_roles` (`page_id`, `role_id`, `action_id`) VALUES (15,1,1);
INSERT INTO `pages_roles` (`page_id`, `role_id`, `action_id`) VALUES (15,1,2);
INSERT INTO `pages_roles` (`page_id`, `role_id`, `action_id`) VALUES (15,1,3);
INSERT INTO `pages_roles` (`page_id`, `role_id`, `action_id`) VALUES (15,1,4);
INSERT INTO `pages_roles` (`page_id`, `role_id`, `action_id`) VALUES (16,1,1);
INSERT INTO `pages_roles` (`page_id`, `role_id`, `action_id`) VALUES (16,1,2);
INSERT INTO `pages_roles` (`page_id`, `role_id`, `action_id`) VALUES (16,1,3);
INSERT INTO `pages_roles` (`page_id`, `role_id`, `action_id`) VALUES (16,1,4);
INSERT INTO `pages_roles` (`page_id`, `role_id`, `action_id`) VALUES (17,1,1);
INSERT INTO `pages_roles` (`page_id`, `role_id`, `action_id`) VALUES (17,1,2);
INSERT INTO `pages_roles` (`page_id`, `role_id`, `action_id`) VALUES (17,1,3);
INSERT INTO `pages_roles` (`page_id`, `role_id`, `action_id`) VALUES (17,1,4);
INSERT INTO `pages_roles` (`page_id`, `role_id`, `action_id`) VALUES (18,1,1);
INSERT INTO `pages_roles` (`page_id`, `role_id`, `action_id`) VALUES (18,1,2);
INSERT INTO `pages_roles` (`page_id`, `role_id`, `action_id`) VALUES (18,1,3);
INSERT INTO `pages_roles` (`page_id`, `role_id`, `action_id`) VALUES (18,1,4);
INSERT INTO `pages_roles` (`page_id`, `role_id`, `action_id`) VALUES (19,1,1);
INSERT INTO `pages_roles` (`page_id`, `role_id`, `action_id`) VALUES (19,1,2);
INSERT INTO `pages_roles` (`page_id`, `role_id`, `action_id`) VALUES (19,1,3);
INSERT INTO `pages_roles` (`page_id`, `role_id`, `action_id`) VALUES (19,1,4);
INSERT INTO `pages_roles` (`page_id`, `role_id`, `action_id`) VALUES (20,1,1);
INSERT INTO `pages_roles` (`page_id`, `role_id`, `action_id`) VALUES (20,1,2);
INSERT INTO `pages_roles` (`page_id`, `role_id`, `action_id`) VALUES (20,1,3);
INSERT INTO `pages_roles` (`page_id`, `role_id`, `action_id`) VALUES (20,1,4);
INSERT INTO `pages_roles` (`page_id`, `role_id`, `action_id`) VALUES (21,1,1);
INSERT INTO `pages_roles` (`page_id`, `role_id`, `action_id`) VALUES (21,1,2);
INSERT INTO `pages_roles` (`page_id`, `role_id`, `action_id`) VALUES (21,1,3);
INSERT INTO `pages_roles` (`page_id`, `role_id`, `action_id`) VALUES (21,1,4);
INSERT INTO `pages_roles` (`page_id`, `role_id`, `action_id`) VALUES (22,1,1);
INSERT INTO `pages_roles` (`page_id`, `role_id`, `action_id`) VALUES (22,1,2);
INSERT INTO `pages_roles` (`page_id`, `role_id`, `action_id`) VALUES (22,1,3);
INSERT INTO `pages_roles` (`page_id`, `role_id`, `action_id`) VALUES (22,1,4);
INSERT INTO `pages_roles` (`page_id`, `role_id`, `action_id`) VALUES (23,1,1);
INSERT INTO `pages_roles` (`page_id`, `role_id`, `action_id`) VALUES (23,1,2);
INSERT INTO `pages_roles` (`page_id`, `role_id`, `action_id`) VALUES (23,1,3);
INSERT INTO `pages_roles` (`page_id`, `role_id`, `action_id`) VALUES (23,1,4);
INSERT INTO `pages_roles` (`page_id`, `role_id`, `action_id`) VALUES (24,1,1);
INSERT INTO `pages_roles` (`page_id`, `role_id`, `action_id`) VALUES (24,1,2);
INSERT INTO `pages_roles` (`page_id`, `role_id`, `action_id`) VALUES (24,1,3);
INSERT INTO `pages_roles` (`page_id`, `role_id`, `action_id`) VALUES (24,1,4);
INSERT INTO `pages_roles` (`page_id`, `role_id`, `action_id`) VALUES (25,1,1);
INSERT INTO `pages_roles` (`page_id`, `role_id`, `action_id`) VALUES (25,1,2);
INSERT INTO `pages_roles` (`page_id`, `role_id`, `action_id`) VALUES (25,1,3);
INSERT INTO `pages_roles` (`page_id`, `role_id`, `action_id`) VALUES (25,1,4);
INSERT INTO `pages_roles` (`page_id`, `role_id`, `action_id`) VALUES (26,1,1);
INSERT INTO `pages_roles` (`page_id`, `role_id`, `action_id`) VALUES (26,1,2);
INSERT INTO `pages_roles` (`page_id`, `role_id`, `action_id`) VALUES (26,1,3);
INSERT INTO `pages_roles` (`page_id`, `role_id`, `action_id`) VALUES (26,1,4);
INSERT INTO `pages_roles` (`page_id`, `role_id`, `action_id`) VALUES (27,1,1);
INSERT INTO `pages_roles` (`page_id`, `role_id`, `action_id`) VALUES (27,1,2);
INSERT INTO `pages_roles` (`page_id`, `role_id`, `action_id`) VALUES (27,1,3);
INSERT INTO `pages_roles` (`page_id`, `role_id`, `action_id`) VALUES (27,1,4);
INSERT INTO `pages_roles` (`page_id`, `role_id`, `action_id`) VALUES (28,1,1);
INSERT INTO `pages_roles` (`page_id`, `role_id`, `action_id`) VALUES (28,1,2);
INSERT INTO `pages_roles` (`page_id`, `role_id`, `action_id`) VALUES (28,1,3);
INSERT INTO `pages_roles` (`page_id`, `role_id`, `action_id`) VALUES (28,1,4);
INSERT INTO `pages_roles` (`page_id`, `role_id`, `action_id`) VALUES (29,1,1);
INSERT INTO `pages_roles` (`page_id`, `role_id`, `action_id`) VALUES (29,1,2);
INSERT INTO `pages_roles` (`page_id`, `role_id`, `action_id`) VALUES (29,1,3);
INSERT INTO `pages_roles` (`page_id`, `role_id`, `action_id`) VALUES (29,1,4);
INSERT INTO `pages_roles` (`page_id`, `role_id`, `action_id`) VALUES (30,1,1);
INSERT INTO `pages_roles` (`page_id`, `role_id`, `action_id`) VALUES (30,1,2);
INSERT INTO `pages_roles` (`page_id`, `role_id`, `action_id`) VALUES (30,1,3);
INSERT INTO `pages_roles` (`page_id`, `role_id`, `action_id`) VALUES (30,1,4);
INSERT INTO `pages_roles` (`page_id`, `role_id`, `action_id`) VALUES (31,1,1);
INSERT INTO `pages_roles` (`page_id`, `role_id`, `action_id`) VALUES (31,1,2);
INSERT INTO `pages_roles` (`page_id`, `role_id`, `action_id`) VALUES (31,1,3);
INSERT INTO `pages_roles` (`page_id`, `role_id`, `action_id`) VALUES (31,1,4);
INSERT INTO `pages_roles` (`page_id`, `role_id`, `action_id`) VALUES (32,1,1);
INSERT INTO `pages_roles` (`page_id`, `role_id`, `action_id`) VALUES (32,1,2);
INSERT INTO `pages_roles` (`page_id`, `role_id`, `action_id`) VALUES (32,1,3);
INSERT INTO `pages_roles` (`page_id`, `role_id`, `action_id`) VALUES (32,1,4);
INSERT INTO `pages_roles` (`page_id`, `role_id`, `action_id`) VALUES (1,2,1);
INSERT INTO `pages_roles` (`page_id`, `role_id`, `action_id`) VALUES (9,2,1);
INSERT INTO `pages_roles` (`page_id`, `role_id`, `action_id`) VALUES (9,2,2);
INSERT INTO `pages_roles` (`page_id`, `role_id`, `action_id`) VALUES (9,2,3);
INSERT INTO `pages_roles` (`page_id`, `role_id`, `action_id`) VALUES (11,2,1);
INSERT INTO `pages_roles` (`page_id`, `role_id`, `action_id`) VALUES (11,2,2);
INSERT INTO `pages_roles` (`page_id`, `role_id`, `action_id`) VALUES (11,2,3);
INSERT INTO `pages_roles` (`page_id`, `role_id`, `action_id`) VALUES (13,2,1);
INSERT INTO `pages_roles` (`page_id`, `role_id`, `action_id`) VALUES (13,2,2);
INSERT INTO `pages_roles` (`page_id`, `role_id`, `action_id`) VALUES (13,2,3);
INSERT INTO `pages_roles` (`page_id`, `role_id`, `action_id`) VALUES (17,2,1);
INSERT INTO `pages_roles` (`page_id`, `role_id`, `action_id`) VALUES (17,2,2);
INSERT INTO `pages_roles` (`page_id`, `role_id`, `action_id`) VALUES (17,2,3);
INSERT INTO `pages_roles` (`page_id`, `role_id`, `action_id`) VALUES (21,2,1);
INSERT INTO `pages_roles` (`page_id`, `role_id`, `action_id`) VALUES (21,2,2);
INSERT INTO `pages_roles` (`page_id`, `role_id`, `action_id`) VALUES (21,2,3);
INSERT INTO `pages_roles` (`page_id`, `role_id`, `action_id`) VALUES (29,2,1);
INSERT INTO `pages_roles` (`page_id`, `role_id`, `action_id`) VALUES (30,2,1);
INSERT INTO `pages_roles` (`page_id`, `role_id`, `action_id`) VALUES (31,2,1);
INSERT INTO `pages_roles` (`page_id`, `role_id`, `action_id`) VALUES (31,2,2);
INSERT INTO `pages_roles` (`page_id`, `role_id`, `action_id`) VALUES (32,2,1);
INSERT INTO `pages_roles` (`page_id`, `role_id`, `action_id`) VALUES (32,2,2);
INSERT INTO `pages_roles` (`page_id`, `role_id`, `action_id`) VALUES (1,3,1);
INSERT INTO `pages_roles` (`page_id`, `role_id`, `action_id`) VALUES (2,3,1);
INSERT INTO `pages_roles` (`page_id`, `role_id`, `action_id`) VALUES (2,3,2);
INSERT INTO `pages_roles` (`page_id`, `role_id`, `action_id`) VALUES (2,3,3);
INSERT INTO `pages_roles` (`page_id`, `role_id`, `action_id`) VALUES (3,3,1);
INSERT INTO `pages_roles` (`page_id`, `role_id`, `action_id`) VALUES (3,3,2);
INSERT INTO `pages_roles` (`page_id`, `role_id`, `action_id`) VALUES (3,3,3);
INSERT INTO `pages_roles` (`page_id`, `role_id`, `action_id`) VALUES (10,3,1);
INSERT INTO `pages_roles` (`page_id`, `role_id`, `action_id`) VALUES (10,3,2);
INSERT INTO `pages_roles` (`page_id`, `role_id`, `action_id`) VALUES (10,3,3);
INSERT INTO `pages_roles` (`page_id`, `role_id`, `action_id`) VALUES (11,3,1);
INSERT INTO `pages_roles` (`page_id`, `role_id`, `action_id`) VALUES (11,3,2);
INSERT INTO `pages_roles` (`page_id`, `role_id`, `action_id`) VALUES (11,3,3);
INSERT INTO `pages_roles` (`page_id`, `role_id`, `action_id`) VALUES (12,3,1);
INSERT INTO `pages_roles` (`page_id`, `role_id`, `action_id`) VALUES (12,3,2);
INSERT INTO `pages_roles` (`page_id`, `role_id`, `action_id`) VALUES (12,3,3);
INSERT INTO `pages_roles` (`page_id`, `role_id`, `action_id`) VALUES (15,3,1);
INSERT INTO `pages_roles` (`page_id`, `role_id`, `action_id`) VALUES (15,3,2);
INSERT INTO `pages_roles` (`page_id`, `role_id`, `action_id`) VALUES (15,3,3);
INSERT INTO `pages_roles` (`page_id`, `role_id`, `action_id`) VALUES (15,3,4);
INSERT INTO `pages_roles` (`page_id`, `role_id`, `action_id`) VALUES (16,3,1);
INSERT INTO `pages_roles` (`page_id`, `role_id`, `action_id`) VALUES (16,3,2);
INSERT INTO `pages_roles` (`page_id`, `role_id`, `action_id`) VALUES (16,3,3);
INSERT INTO `pages_roles` (`page_id`, `role_id`, `action_id`) VALUES (16,3,4);
INSERT INTO `pages_roles` (`page_id`, `role_id`, `action_id`) VALUES (19,3,1);
INSERT INTO `pages_roles` (`page_id`, `role_id`, `action_id`) VALUES (19,3,2);
INSERT INTO `pages_roles` (`page_id`, `role_id`, `action_id`) VALUES (19,3,3);
INSERT INTO `pages_roles` (`page_id`, `role_id`, `action_id`) VALUES (21,3,1);
INSERT INTO `pages_roles` (`page_id`, `role_id`, `action_id`) VALUES (21,3,2);
INSERT INTO `pages_roles` (`page_id`, `role_id`, `action_id`) VALUES (21,3,3);
INSERT INTO `pages_roles` (`page_id`, `role_id`, `action_id`) VALUES (29,3,1);
INSERT INTO `pages_roles` (`page_id`, `role_id`, `action_id`) VALUES (30,3,1);
INSERT INTO `pages_roles` (`page_id`, `role_id`, `action_id`) VALUES (30,3,2);
INSERT INTO `pages_roles` (`page_id`, `role_id`, `action_id`) VALUES (31,3,1);
INSERT INTO `pages_roles` (`page_id`, `role_id`, `action_id`) VALUES (31,3,2);
INSERT INTO `pages_roles` (`page_id`, `role_id`, `action_id`) VALUES (31,3,3);
INSERT INTO `pages_roles` (`page_id`, `role_id`, `action_id`) VALUES (32,3,1);
INSERT INTO `pages_roles` (`page_id`, `role_id`, `action_id`) VALUES (32,3,2);
INSERT INTO `pages_roles` (`page_id`, `role_id`, `action_id`) VALUES (32,3,3);
INSERT INTO `pages_roles` (`page_id`, `role_id`, `action_id`) VALUES (2,4,1);
INSERT INTO `pages_roles` (`page_id`, `role_id`, `action_id`) VALUES (3,4,1);
INSERT INTO `pages_roles` (`page_id`, `role_id`, `action_id`) VALUES (10,4,1);
INSERT INTO `pages_roles` (`page_id`, `role_id`, `action_id`) VALUES (11,4,1);
INSERT INTO `pages_roles` (`page_id`, `role_id`, `action_id`) VALUES (12,4,1);
INSERT INTO `pages_roles` (`page_id`, `role_id`, `action_id`) VALUES (15,4,1);
INSERT INTO `pages_roles` (`page_id`, `role_id`, `action_id`) VALUES (16,4,1);
INSERT INTO `pages_roles` (`page_id`, `role_id`, `action_id`) VALUES (30,4,1);
INSERT INTO `pages_roles` (`page_id`, `role_id`, `action_id`) VALUES (31,4,1);
INSERT INTO `pages_roles` (`page_id`, `role_id`, `action_id`) VALUES (31,4,2);
INSERT INTO `pages_roles` (`page_id`, `role_id`, `action_id`) VALUES (31,4,3);
INSERT INTO `pages_roles` (`page_id`, `role_id`, `action_id`) VALUES (32,4,1);
INSERT INTO `pages_roles` (`page_id`, `role_id`, `action_id`) VALUES (32,4,2);
INSERT INTO `pages_roles` (`page_id`, `role_id`, `action_id`) VALUES (32,4,3);
INSERT INTO `pages_roles` (`page_id`, `role_id`, `action_id`) VALUES (1,5,1);
INSERT INTO `pages_roles` (`page_id`, `role_id`, `action_id`) VALUES (2,5,1);
INSERT INTO `pages_roles` (`page_id`, `role_id`, `action_id`) VALUES (2,5,2);
INSERT INTO `pages_roles` (`page_id`, `role_id`, `action_id`) VALUES (2,5,3);
INSERT INTO `pages_roles` (`page_id`, `role_id`, `action_id`) VALUES (2,5,4);
INSERT INTO `pages_roles` (`page_id`, `role_id`, `action_id`) VALUES (3,5,1);
INSERT INTO `pages_roles` (`page_id`, `role_id`, `action_id`) VALUES (3,5,2);
INSERT INTO `pages_roles` (`page_id`, `role_id`, `action_id`) VALUES (3,5,3);
INSERT INTO `pages_roles` (`page_id`, `role_id`, `action_id`) VALUES (3,5,4);
INSERT INTO `pages_roles` (`page_id`, `role_id`, `action_id`) VALUES (7,5,1);
INSERT INTO `pages_roles` (`page_id`, `role_id`, `action_id`) VALUES (7,5,2);
INSERT INTO `pages_roles` (`page_id`, `role_id`, `action_id`) VALUES (7,5,3);
INSERT INTO `pages_roles` (`page_id`, `role_id`, `action_id`) VALUES (7,5,4);
INSERT INTO `pages_roles` (`page_id`, `role_id`, `action_id`) VALUES (8,5,1);
INSERT INTO `pages_roles` (`page_id`, `role_id`, `action_id`) VALUES (8,5,2);
INSERT INTO `pages_roles` (`page_id`, `role_id`, `action_id`) VALUES (8,5,3);
INSERT INTO `pages_roles` (`page_id`, `role_id`, `action_id`) VALUES (8,5,4);
INSERT INTO `pages_roles` (`page_id`, `role_id`, `action_id`) VALUES (10,5,1);
INSERT INTO `pages_roles` (`page_id`, `role_id`, `action_id`) VALUES (10,5,2);
INSERT INTO `pages_roles` (`page_id`, `role_id`, `action_id`) VALUES (10,5,3);
INSERT INTO `pages_roles` (`page_id`, `role_id`, `action_id`) VALUES (10,5,4);
INSERT INTO `pages_roles` (`page_id`, `role_id`, `action_id`) VALUES (11,5,1);
INSERT INTO `pages_roles` (`page_id`, `role_id`, `action_id`) VALUES (11,5,2);
INSERT INTO `pages_roles` (`page_id`, `role_id`, `action_id`) VALUES (11,5,3);
INSERT INTO `pages_roles` (`page_id`, `role_id`, `action_id`) VALUES (11,5,4);
INSERT INTO `pages_roles` (`page_id`, `role_id`, `action_id`) VALUES (15,5,1);
INSERT INTO `pages_roles` (`page_id`, `role_id`, `action_id`) VALUES (15,5,2);
INSERT INTO `pages_roles` (`page_id`, `role_id`, `action_id`) VALUES (15,5,3);
INSERT INTO `pages_roles` (`page_id`, `role_id`, `action_id`) VALUES (15,5,4);
INSERT INTO `pages_roles` (`page_id`, `role_id`, `action_id`) VALUES (16,5,1);
INSERT INTO `pages_roles` (`page_id`, `role_id`, `action_id`) VALUES (16,5,2);
INSERT INTO `pages_roles` (`page_id`, `role_id`, `action_id`) VALUES (16,5,3);
INSERT INTO `pages_roles` (`page_id`, `role_id`, `action_id`) VALUES (16,5,4);
INSERT INTO `pages_roles` (`page_id`, `role_id`, `action_id`) VALUES (18,5,1);
INSERT INTO `pages_roles` (`page_id`, `role_id`, `action_id`) VALUES (18,5,2);
INSERT INTO `pages_roles` (`page_id`, `role_id`, `action_id`) VALUES (18,5,3);
INSERT INTO `pages_roles` (`page_id`, `role_id`, `action_id`) VALUES (18,5,4);
INSERT INTO `pages_roles` (`page_id`, `role_id`, `action_id`) VALUES (19,5,1);
INSERT INTO `pages_roles` (`page_id`, `role_id`, `action_id`) VALUES (19,5,2);
INSERT INTO `pages_roles` (`page_id`, `role_id`, `action_id`) VALUES (19,5,3);
INSERT INTO `pages_roles` (`page_id`, `role_id`, `action_id`) VALUES (19,5,4);
INSERT INTO `pages_roles` (`page_id`, `role_id`, `action_id`) VALUES (21,5,1);
INSERT INTO `pages_roles` (`page_id`, `role_id`, `action_id`) VALUES (21,5,2);
INSERT INTO `pages_roles` (`page_id`, `role_id`, `action_id`) VALUES (21,5,3);
INSERT INTO `pages_roles` (`page_id`, `role_id`, `action_id`) VALUES (21,5,4);
INSERT INTO `pages_roles` (`page_id`, `role_id`, `action_id`) VALUES (22,5,1);
INSERT INTO `pages_roles` (`page_id`, `role_id`, `action_id`) VALUES (22,5,2);
INSERT INTO `pages_roles` (`page_id`, `role_id`, `action_id`) VALUES (22,5,3);
INSERT INTO `pages_roles` (`page_id`, `role_id`, `action_id`) VALUES (22,5,4);
INSERT INTO `pages_roles` (`page_id`, `role_id`, `action_id`) VALUES (27,5,1);
INSERT INTO `pages_roles` (`page_id`, `role_id`, `action_id`) VALUES (27,5,2);
INSERT INTO `pages_roles` (`page_id`, `role_id`, `action_id`) VALUES (27,5,3);
INSERT INTO `pages_roles` (`page_id`, `role_id`, `action_id`) VALUES (29,5,1);
INSERT INTO `pages_roles` (`page_id`, `role_id`, `action_id`) VALUES (30,5,1);
INSERT INTO `pages_roles` (`page_id`, `role_id`, `action_id`) VALUES (30,5,2);
INSERT INTO `pages_roles` (`page_id`, `role_id`, `action_id`) VALUES (30,5,3);
INSERT INTO `pages_roles` (`page_id`, `role_id`, `action_id`) VALUES (30,5,4);
INSERT INTO `pages_roles` (`page_id`, `role_id`, `action_id`) VALUES (31,5,1);
INSERT INTO `pages_roles` (`page_id`, `role_id`, `action_id`) VALUES (31,5,2);
INSERT INTO `pages_roles` (`page_id`, `role_id`, `action_id`) VALUES (31,5,3);
INSERT INTO `pages_roles` (`page_id`, `role_id`, `action_id`) VALUES (31,5,4);
INSERT INTO `pages_roles` (`page_id`, `role_id`, `action_id`) VALUES (32,5,1);
INSERT INTO `pages_roles` (`page_id`, `role_id`, `action_id`) VALUES (32,5,2);
INSERT INTO `pages_roles` (`page_id`, `role_id`, `action_id`) VALUES (32,5,3);
INSERT INTO `pages_roles` (`page_id`, `role_id`, `action_id`) VALUES (32,5,4);
INSERT INTO `pages_roles` (`page_id`, `role_id`, `action_id`) VALUES (31,6,1);
INSERT INTO `pages_roles` (`page_id`, `role_id`, `action_id`) VALUES (31,6,2);
INSERT INTO `pages_roles` (`page_id`, `role_id`, `action_id`) VALUES (31,6,3);
INSERT INTO `pages_roles` (`page_id`, `role_id`, `action_id`) VALUES (32,6,1);
INSERT INTO `pages_roles` (`page_id`, `role_id`, `action_id`) VALUES (32,6,2);
INSERT INTO `pages_roles` (`page_id`, `role_id`, `action_id`) VALUES (32,6,3);
INSERT INTO `pages_roles` (`page_id`, `role_id`, `action_id`) VALUES (31,7,1);
INSERT INTO `pages_roles` (`page_id`, `role_id`, `action_id`) VALUES (31,7,2);
INSERT INTO `pages_roles` (`page_id`, `role_id`, `action_id`) VALUES (31,7,3);
INSERT INTO `pages_roles` (`page_id`, `role_id`, `action_id`) VALUES (32,7,1);
INSERT INTO `pages_roles` (`page_id`, `role_id`, `action_id`) VALUES (32,7,2);
INSERT INTO `pages_roles` (`page_id`, `role_id`, `action_id`) VALUES (32,7,3);

INSERT INTO `ppcs` (`ppc_id`, `date`, `place`, `class_hour`, `weeks_number`, `course_id`, `traineeship_id`) VALUES (1,'2015-12-17','Poços de Caldas',45,40,1,1);

INSERT INTO `ppcs_disciplines` (`ppc_discipline_id`, `discipline_id`, `ppc_id`) VALUES (1,1,1);

INSERT INTO `rectories` (`rectory_id`, `cnpj`, `name`) VALUES (1,'10.648.539/0000-05','IFSULDEMINAS');

INSERT INTO `responsibles` (`responsible_id`, `user_role_id`, `teaching_plan_id`) VALUES (1,78,1);

INSERT INTO `roles` (`role_id`, `name`, `observation`) VALUES (1,'Administrador','Função Padrão do Sistema');
INSERT INTO `roles` (`role_id`, `name`, `observation`) VALUES (2,'Professor','Professores do Instituto');
INSERT INTO `roles` (`role_id`, `name`, `observation`) VALUES (3,'Coodenador de Curso - CC','Coordenadores de Curso do Instituto');
INSERT INTO `roles` (`role_id`, `name`, `observation`) VALUES (4,'Coordenador de Ensino - CE','Coordenadores de Ensino do Instituto');
INSERT INTO `roles` (`role_id`, `name`, `observation`) VALUES (5,'Diretor de Ensino Pesquisa e Extensão - DEPE','Diretores de Ensino do Instituto');
INSERT INTO `roles` (`role_id`, `name`, `observation`) VALUES (6,'Pedagogo','Pedagogos do Instituto');
INSERT INTO `roles` (`role_id`, `name`, `observation`) VALUES (7,'Colegiado de Curso','Colegiados de Cursos do Instituto');

INSERT INTO `teaching_plans` (`teaching_plan_id`, `ppc_discipline_id`, `academic_period_id`, `teacher_id`, `objective`, `teaching_procedure`, `recovery`, `observation`) VALUES (1,1,1,48,'Definir objetivo.\r\nMelhorei o objetivo','Aulas expositivas','Recuperação paralela é realizada nos horários de atendimento','');
INSERT INTO `teaching_plans` (`teaching_plan_id`, `ppc_discipline_id`, `academic_period_id`, `teacher_id`, `objective`, `teaching_procedure`, `recovery`, `observation`) VALUES (2,1,1,2,'rere','rere','rere','erere');

INSERT INTO `traineeships` (`traineeship_id`, `hour_load`, `description`, `short_description`) VALUES (1,160,'O estágio curricular é aquele definido no projeto do curso, cuja carga horária é requisito para aprovação e obtenção de diploma conforme definido na Lei no 11.788/08 e orientação Resolu- ção 59 de 2010 do CONSUP - IFSULDEMINAS. É a oportunidade para que os estudantes apliquem em situações concretas os conhecimentos adquiridos nas aulas teóricas, de maneira que pos- sam vivenciar no dia a dia a teoria, absorvendo melhor os conhecimentos, podendo refletir e confir- mar a sua escolha profissional. ','EST');

INSERT INTO `users` (`user_id`, `name`, `password`, `email`) VALUES (1,'Administrador','1VsR4a3oE9aV9rpHFeIoyxp2Kdc=','sisa@ifsuldeminas.edu.br');
INSERT INTO `users` (`user_id`, `name`, `password`, `email`) VALUES (2,'Lênio Oliveira Prado Junior','1VsR4a3oE9aV9rpHFeIoyxp2Kdc=','lenio.prado@ifsuldeminas.edu.br');
INSERT INTO `users` (`user_id`, `name`, `password`, `email`) VALUES (5,'Alexandra Manoela Oliveira Cruz','1VsR4a3oE9aV9rpHFeIoyxp2Kdc=','alexandra.cruz@ifsuldeminas.edu.br');
INSERT INTO `users` (`user_id`, `name`, `password`, `email`) VALUES (6,'Alexandre Carvalho de Andrade','1VsR4a3oE9aV9rpHFeIoyxp2Kdc=','alexandre.andrade@ifsuldeminas.edu.br');
INSERT INTO `users` (`user_id`, `name`, `password`, `email`) VALUES (7,'Allan Aleksander dos Reis','1VsR4a3oE9aV9rpHFeIoyxp2Kdc=','allan.reis@ifsuldeminas.edu.br');
INSERT INTO `users` (`user_id`, `name`, `password`, `email`) VALUES (8,'André Gripp de Resende Chagas','1VsR4a3oE9aV9rpHFeIoyxp2Kdc=','andre.chagas@ifsuldeminas.edu.br');
INSERT INTO `users` (`user_id`, `name`, `password`, `email`) VALUES (9,'André Lucas Novaes','1VsR4a3oE9aV9rpHFeIoyxp2Kdc=','andre.novaes@ifsuldeminas.edu.br');
INSERT INTO `users` (`user_id`, `name`, `password`, `email`) VALUES (10,'Andrezza Simonini Souza','1VsR4a3oE9aV9rpHFeIoyxp2Kdc=','andrezza.souza@ifsuldeminas.edu.br');
INSERT INTO `users` (`user_id`, `name`, `password`, `email`) VALUES (11,'Antônio Carlos Dias','1VsR4a3oE9aV9rpHFeIoyxp2Kdc=','antoniocarlos.dias@ifsuldeminas.edu.br');
INSERT INTO `users` (`user_id`, `name`, `password`, `email`) VALUES (12,'Bruno Bragança','1VsR4a3oE9aV9rpHFeIoyxp2Kdc=','bruno.braganca@ifsuldeminas.edu.br');
INSERT INTO `users` (`user_id`, `name`, `password`, `email`) VALUES (13,'Bruno Eduardo Carmelito','1VsR4a3oE9aV9rpHFeIoyxp2Kdc=','bruno.carmelito@ifsuldeminas.edu.br');
INSERT INTO `users` (`user_id`, `name`, `password`, `email`) VALUES (14,'Carolina Mariane Moreira','1VsR4a3oE9aV9rpHFeIoyxp2Kdc=','carolina.moreira@ifsuldeminas.edu.br');
INSERT INTO `users` (`user_id`, `name`, `password`, `email`) VALUES (15,'Cássio Henrique Garcia Costa','1VsR4a3oE9aV9rpHFeIoyxp2Kdc=','cassiohenrique.costa@ifsuldeminas.edu.br');
INSERT INTO `users` (`user_id`, `name`, `password`, `email`) VALUES (16,'Diógenes Simão Rodovalho','1VsR4a3oE9aV9rpHFeIoyxp2Kdc=','diogenes.rodovalho@ifsuldeminas.edu.br');
INSERT INTO `users` (`user_id`, `name`, `password`, `email`) VALUES (17,'Douglas Donizeti de Castilho Braz','1VsR4a3oE9aV9rpHFeIoyxp2Kdc=','douglas.braz@ifsuldeminas.edu.br');
INSERT INTO `users` (`user_id`, `name`, `password`, `email`) VALUES (18,'Douglas Fabiano de Sousa Nunes','1VsR4a3oE9aV9rpHFeIoyxp2Kdc=','douglas.nunes@ifsuldeminas.edu.br');
INSERT INTO `users` (`user_id`, `name`, `password`, `email`) VALUES (19,'Elenice Aparecida Carlos','1VsR4a3oE9aV9rpHFeIoyxp2Kdc=','elenice.carlos@ifsuldeminas.edu.br');
INSERT INTO `users` (`user_id`, `name`, `password`, `email`) VALUES (20,'Eli Fernando Tavano Toledo','1VsR4a3oE9aV9rpHFeIoyxp2Kdc=','eli.toledo@ifsuldeminas.edu.br');
INSERT INTO `users` (`user_id`, `name`, `password`, `email`) VALUES (21,'Emerson dos Santos Silva','1VsR4a3oE9aV9rpHFeIoyxp2Kdc=','emersonsantos.silva@ifsuldeminas.edu.br');
INSERT INTO `users` (`user_id`, `name`, `password`, `email`) VALUES (22,'Ezequiel Junio de Lima','1VsR4a3oE9aV9rpHFeIoyxp2Kdc=','ezequiel.lima@ifsuldeminas.edu.br');
INSERT INTO `users` (`user_id`, `name`, `password`, `email`) VALUES (23,'Fernando Aráujo de Andrade Sobrinho','1VsR4a3oE9aV9rpHFeIoyxp2Kdc=','fernando.sobrinho@ifsuldeminas.edu.br');
INSERT INTO `users` (`user_id`, `name`, `password`, `email`) VALUES (24,'Flávio Calheiros','1VsR4a3oE9aV9rpHFeIoyxp2Kdc=','flavio.calheiros@ifsuldeminas.edu.br');
INSERT INTO `users` (`user_id`, `name`, `password`, `email`) VALUES (25,'Flávio Santos Freitas','1VsR4a3oE9aV9rpHFeIoyxp2Kdc=','flavio.freitas@ifsuldeminas.edu.br');
INSERT INTO `users` (`user_id`, `name`, `password`, `email`) VALUES (26,'Giselle Cristina Cardoso','1VsR4a3oE9aV9rpHFeIoyxp2Kdc=','giselle.cardoso@ifsuldeminas.edu.br');
INSERT INTO `users` (`user_id`, `name`, `password`, `email`) VALUES (27,'Guilherme Rosse Ramalho','1VsR4a3oE9aV9rpHFeIoyxp2Kdc=','guilherme.ramalho@ifsuldeminas.edu.br');
INSERT INTO `users` (`user_id`, `name`, `password`, `email`) VALUES (28,'Heidi Jancer Ferreira','1VsR4a3oE9aV9rpHFeIoyxp2Kdc=','heidi.ferreira@ifsuldeminas.edu.br');
INSERT INTO `users` (`user_id`, `name`, `password`, `email`) VALUES (29,'Helenice Nolasco Queiroz','1VsR4a3oE9aV9rpHFeIoyxp2Kdc=','helenice.queiroz@ifsuldeminas.edu.br');
INSERT INTO `users` (`user_id`, `name`, `password`, `email`) VALUES (30,'Hugo Renan Bolzani','1VsR4a3oE9aV9rpHFeIoyxp2Kdc=','hugo.bolzani@ifsuldeminas.edu.br');
INSERT INTO `users` (`user_id`, `name`, `password`, `email`) VALUES (31,'Isabel Ribeiro do Valle Teixeira','1VsR4a3oE9aV9rpHFeIoyxp2Kdc=','isabel.teixeira@ifsuldeminas.edu.br');
INSERT INTO `users` (`user_id`, `name`, `password`, `email`) VALUES (32,'Ivan Figueiredo','1VsR4a3oE9aV9rpHFeIoyxp2Kdc=','ivan.figueiredo@ifsuldeminas.edu.br');
INSERT INTO `users` (`user_id`, `name`, `password`, `email`) VALUES (33,'Jane Piton Serra Sanches','1VsR4a3oE9aV9rpHFeIoyxp2Kdc=','jane.sanches@ifsuldeminas.edu.br');
INSERT INTO `users` (`user_id`, `name`, `password`, `email`) VALUES (34,'José Paulo Figueiredo','1VsR4a3oE9aV9rpHFeIoyxp2Kdc=','jose.figueiredo@ifsuldeminas.edu.br');
INSERT INTO `users` (`user_id`, `name`, `password`, `email`) VALUES (35,'Josué Lopes','1VsR4a3oE9aV9rpHFeIoyxp2Kdc=','josue.lopes@ifsuldeminas.edu.br');
INSERT INTO `users` (`user_id`, `name`, `password`, `email`) VALUES (36,'Karin Veronica Freitas Grillo','1VsR4a3oE9aV9rpHFeIoyxp2Kdc=','karin.grillo@ifsuldeminas.edu.br');
INSERT INTO `users` (`user_id`, `name`, `password`, `email`) VALUES (37,'Larissa Cristina Arruda de Oliveira Benedini','1VsR4a3oE9aV9rpHFeIoyxp2Kdc=','larissa.benedini@ifsuldeminas.edu.br');
INSERT INTO `users` (`user_id`, `name`, `password`, `email`) VALUES (38,'Laudo Claumir Santos','1VsR4a3oE9aV9rpHFeIoyxp2Kdc=','laudo.santos@ifsuldeminas.edu.br');
INSERT INTO `users` (`user_id`, `name`, `password`, `email`) VALUES (40,'Lerice de Castro Garzoni','1VsR4a3oE9aV9rpHFeIoyxp2Kdc=','lerice.garzoni@ifsuldeminas.edu.br');
INSERT INTO `users` (`user_id`, `name`, `password`, `email`) VALUES (41,'Lorena Temponi Boechat','1VsR4a3oE9aV9rpHFeIoyxp2Kdc=','lorena.boechat@ifsuldeminas.edu.br');
INSERT INTO `users` (`user_id`, `name`, `password`, `email`) VALUES (42,'Luciana de Abreu Nascimento','1VsR4a3oE9aV9rpHFeIoyxp2Kdc=','luciana.nascimento@ifsuldeminas.edu.br');
INSERT INTO `users` (`user_id`, `name`, `password`, `email`) VALUES (43,'Luciana Mara dos Santos','1VsR4a3oE9aV9rpHFeIoyxp2Kdc=','luciana.santos@ifsuldeminas.edu.br');
INSERT INTO `users` (`user_id`, `name`, `password`, `email`) VALUES (44,'Luiz Carlos Branquinho Caixeta Ferreira','1VsR4a3oE9aV9rpHFeIoyxp2Kdc=','luiz.caixeta@ifsuldeminas.edu.br');
INSERT INTO `users` (`user_id`, `name`, `password`, `email`) VALUES (45,'Márcio Luiz Bess','1VsR4a3oE9aV9rpHFeIoyxp2Kdc=','marcio.bess@ifsuldeminas.edu.br');
INSERT INTO `users` (`user_id`, `name`, `password`, `email`) VALUES (46,'Marcos Roberto Alves','1VsR4a3oE9aV9rpHFeIoyxp2Kdc=','marcos.alves@ifsuldeminas.edu.br');
INSERT INTO `users` (`user_id`, `name`, `password`, `email`) VALUES (47,'Maria Sirlene do Lago','1VsR4a3oE9aV9rpHFeIoyxp2Kdc=','maria.lago@ifsuldeminas.edu.br');
INSERT INTO `users` (`user_id`, `name`, `password`, `email`) VALUES (48,'Mateus dos Santos','1VsR4a3oE9aV9rpHFeIoyxp2Kdc=','mateus.santos@ifsuldeminas.edu.br');
INSERT INTO `users` (`user_id`, `name`, `password`, `email`) VALUES (49,'Melina Mara de Souza','1VsR4a3oE9aV9rpHFeIoyxp2Kdc=','melina.souza@ifsuldeminas.edu.br');
INSERT INTO `users` (`user_id`, `name`, `password`, `email`) VALUES (50,'Melissa Vieira Leite','1VsR4a3oE9aV9rpHFeIoyxp2Kdc=','melissa.leite@ifsuldeminas.edu.br');
INSERT INTO `users` (`user_id`, `name`, `password`, `email`) VALUES (51,'Mireile Reis dos Santos','1VsR4a3oE9aV9rpHFeIoyxp2Kdc=','mireile.santos@ifsuldeminas.edu.br');
INSERT INTO `users` (`user_id`, `name`, `password`, `email`) VALUES (52,'Munike Gonçalves de Rezende','1VsR4a3oE9aV9rpHFeIoyxp2Kdc=','munike.rezende@ifsuldeminas.edu.br');
INSERT INTO `users` (`user_id`, `name`, `password`, `email`) VALUES (53,'Nathalia Luiz de Freitas','1VsR4a3oE9aV9rpHFeIoyxp2Kdc=','nathalia.freitas@ifsuldeminas.edu.br');
INSERT INTO `users` (`user_id`, `name`, `password`, `email`) VALUES (54,'Paulo César Domingues','1VsR4a3oE9aV9rpHFeIoyxp2Kdc=','paulo.domingues@ifsuldeminas.edu.br');
INSERT INTO `users` (`user_id`, `name`, `password`, `email`) VALUES (55,'Paulo M. Ávila','1VsR4a3oE9aV9rpHFeIoyxp2Kdc=','paulo.avila@ifsuldeminas.edu.br');
INSERT INTO `users` (`user_id`, `name`, `password`, `email`) VALUES (56,'Rafael Felipe Coelho Neves','1VsR4a3oE9aV9rpHFeIoyxp2Kdc=','rafael.neves@ifsuldeminas.edu.br');
INSERT INTO `users` (`user_id`, `name`, `password`, `email`) VALUES (57,'Rafael Hansen Madail','1VsR4a3oE9aV9rpHFeIoyxp2Kdc=','rafael.madail@ifsuldeminas.edu.br');
INSERT INTO `users` (`user_id`, `name`, `password`, `email`) VALUES (58,'Ricardo Ramos de Oliveira','1VsR4a3oE9aV9rpHFeIoyxp2Kdc=','ricardo.ramos@ifsuldeminas.edu.br');
INSERT INTO `users` (`user_id`, `name`, `password`, `email`) VALUES (59,'Robson Nogueira Tomas','1VsR4a3oE9aV9rpHFeIoyxp2Kdc=','robson.tomas@ifsuldeminas.edu.br');
INSERT INTO `users` (`user_id`, `name`, `password`, `email`) VALUES (60,'Rodrigo Lício Ortolan','1VsR4a3oE9aV9rpHFeIoyxp2Kdc=','engcomp.pocos@ifsuldeminas.edu.br');
INSERT INTO `users` (`user_id`, `name`, `password`, `email`) VALUES (61,'Rogério Coli da Cunha','1VsR4a3oE9aV9rpHFeIoyxp2Kdc=','rogerio.cunha@ifsuldeminas.edu.br');
INSERT INTO `users` (`user_id`, `name`, `password`, `email`) VALUES (62,'Sara Beloti Ferreira','1VsR4a3oE9aV9rpHFeIoyxp2Kdc=','sara.ferreira@ifsuldeminas.edu.br');
INSERT INTO `users` (`user_id`, `name`, `password`, `email`) VALUES (63,'Sergio Goulart Alves Pereira','1VsR4a3oE9aV9rpHFeIoyxp2Kdc=','sergio.pereira@ifsuldeminas.edu.br');
INSERT INTO `users` (`user_id`, `name`, `password`, `email`) VALUES (64,'Straus Michalsky Martins','1VsR4a3oE9aV9rpHFeIoyxp2Kdc=','straus.martins@ifsuldeminas.edu.br');
INSERT INTO `users` (`user_id`, `name`, `password`, `email`) VALUES (65,'Sylvana Cardoso da Silva e Almeida','1VsR4a3oE9aV9rpHFeIoyxp2Kdc=','sylvana.almeida@ifsuldeminas.edu.br');
INSERT INTO `users` (`user_id`, `name`, `password`, `email`) VALUES (66,'Tatiana Dias Chiacchio','1VsR4a3oE9aV9rpHFeIoyxp2Kdc=','tatiana.chiacchio@ifsuldeminas.edu.br');
INSERT INTO `users` (`user_id`, `name`, `password`, `email`) VALUES (67,'Thiago Caproni Tavares','1VsR4a3oE9aV9rpHFeIoyxp2Kdc=','thiago.tavares@ifsuldeminas.edu.br');
INSERT INTO `users` (`user_id`, `name`, `password`, `email`) VALUES (68,'Thiago de Sousa Santos','1VsR4a3oE9aV9rpHFeIoyxp2Kdc=','thiago.santos@ifsuldeminas.edu.br');
INSERT INTO `users` (`user_id`, `name`, `password`, `email`) VALUES (69,'Thomaz Alvisi de Oliveira','1VsR4a3oE9aV9rpHFeIoyxp2Kdc=','thomaz.oliveira@ifsuldeminas.edu.br');
INSERT INTO `users` (`user_id`, `name`, `password`, `email`) VALUES (70,'Vagno Emygdio Machado Dias','1VsR4a3oE9aV9rpHFeIoyxp2Kdc=','vagno.dias@ifsuldeminas.edu.br');
INSERT INTO `users` (`user_id`, `name`, `password`, `email`) VALUES (71,'Vanessa Moreira Giarola','1VsR4a3oE9aV9rpHFeIoyxp2Kdc=','vanessa.giarola@ifsuldeminas.edu.br');
INSERT INTO `users` (`user_id`, `name`, `password`, `email`) VALUES (72,'Vera Sônia de Freitas Rocha','1VsR4a3oE9aV9rpHFeIoyxp2Kdc=','vera.rocha@ifsuldeminas.edu.br');
INSERT INTO `users` (`user_id`, `name`, `password`, `email`) VALUES (73,'Viviane Priscila Silva Santos','1VsR4a3oE9aV9rpHFeIoyxp2Kdc=','viviane.santos@ifsuldeminas.edu.br');
INSERT INTO `users` (`user_id`, `name`, `password`, `email`) VALUES (74,'Werter Valentim de Morais','1VsR4a3oE9aV9rpHFeIoyxp2Kdc=','werter.moraes@ifsuldeminas.edu.br');
INSERT INTO `users` (`user_id`, `name`, `password`, `email`) VALUES (75,'Yull Heilordt Henao Roa','1VsR4a3oE9aV9rpHFeIoyxp2Kdc=','yull.roa@ifsuldeminas.edu.br');
INSERT INTO `users` (`user_id`, `name`, `password`, `email`) VALUES (76,'Berenice M. R. Santoro','1VsR4a3oE9aV9rpHFeIoyxp2Kdc=','berenice.santoro@ifsuldeminas.edu.br');
INSERT INTO `users` (`user_id`, `name`, `password`, `email`) VALUES (77,'Danilo Anderson de Castro','1VsR4a3oE9aV9rpHFeIoyxp2Kdc=','danilo.castro@ifsuldeminas.edu.br');
INSERT INTO `users` (`user_id`, `name`, `password`, `email`) VALUES (78,'Setor de Assistência ao Educando','1VsR4a3oE9aV9rpHFeIoyxp2Kdc=','sae.pocos@ifsuldeminas.edu.br');
INSERT INTO `users` (`user_id`, `name`, `password`, `email`) VALUES (79,'Cissa Gabriela da Silva','1VsR4a3oE9aV9rpHFeIoyxp2Kdc=','cissa.silva@ifsuldeminas.edu.br');
INSERT INTO `users` (`user_id`, `name`, `password`, `email`) VALUES (80,'Amanda M. Souza','1VsR4a3oE9aV9rpHFeIoyxp2Kdc=','14141000036');
INSERT INTO `users` (`user_id`, `name`, `password`, `email`) VALUES (81,'Thiago C. Tavares','1VsR4a3oE9aV9rpHFeIoyxp2Kdc=','thiago.tavares@ifsuldeminas.edu.thi');

INSERT INTO `users_roles` (`user_role_id`, `user_id`, `role_id`, `start_date`, `end_date`) VALUES (1,1,1,'2016-01-01','2030-12-31');
INSERT INTO `users_roles` (`user_role_id`, `user_id`, `role_id`, `start_date`, `end_date`) VALUES (2,2,1,'2016-01-01','2030-12-31');
INSERT INTO `users_roles` (`user_role_id`, `user_id`, `role_id`, `start_date`, `end_date`) VALUES (41,2,2,'2016-09-01','2017-12-31');
INSERT INTO `users_roles` (`user_role_id`, `user_id`, `role_id`, `start_date`, `end_date`) VALUES (7,5,2,'2016-09-01','2017-12-31');
INSERT INTO `users_roles` (`user_role_id`, `user_id`, `role_id`, `start_date`, `end_date`) VALUES (8,6,2,'2016-09-01','2017-12-31');
INSERT INTO `users_roles` (`user_role_id`, `user_id`, `role_id`, `start_date`, `end_date`) VALUES (9,7,2,'2016-09-01','2017-12-31');
INSERT INTO `users_roles` (`user_role_id`, `user_id`, `role_id`, `start_date`, `end_date`) VALUES (10,8,2,'2016-09-01','2017-12-31');
INSERT INTO `users_roles` (`user_role_id`, `user_id`, `role_id`, `start_date`, `end_date`) VALUES (11,9,2,'2016-09-01','2017-12-31');
INSERT INTO `users_roles` (`user_role_id`, `user_id`, `role_id`, `start_date`, `end_date`) VALUES (12,10,2,'2016-09-01','2017-12-31');
INSERT INTO `users_roles` (`user_role_id`, `user_id`, `role_id`, `start_date`, `end_date`) VALUES (13,11,2,'2016-09-01','2017-12-31');
INSERT INTO `users_roles` (`user_role_id`, `user_id`, `role_id`, `start_date`, `end_date`) VALUES (14,12,2,'2016-09-01','2017-12-31');
INSERT INTO `users_roles` (`user_role_id`, `user_id`, `role_id`, `start_date`, `end_date`) VALUES (15,13,2,'2016-09-01','2017-12-31');
INSERT INTO `users_roles` (`user_role_id`, `user_id`, `role_id`, `start_date`, `end_date`) VALUES (16,14,2,'2016-09-01','2017-12-31');
INSERT INTO `users_roles` (`user_role_id`, `user_id`, `role_id`, `start_date`, `end_date`) VALUES (17,15,2,'2016-09-01','2017-12-31');
INSERT INTO `users_roles` (`user_role_id`, `user_id`, `role_id`, `start_date`, `end_date`) VALUES (18,16,2,'2016-09-01','2017-12-31');
INSERT INTO `users_roles` (`user_role_id`, `user_id`, `role_id`, `start_date`, `end_date`) VALUES (19,17,2,'2016-09-01','2017-12-31');
INSERT INTO `users_roles` (`user_role_id`, `user_id`, `role_id`, `start_date`, `end_date`) VALUES (20,18,2,'2016-09-01','2017-12-31');
INSERT INTO `users_roles` (`user_role_id`, `user_id`, `role_id`, `start_date`, `end_date`) VALUES (21,19,2,'2016-09-01','2017-12-31');
INSERT INTO `users_roles` (`user_role_id`, `user_id`, `role_id`, `start_date`, `end_date`) VALUES (22,20,2,'2016-09-01','2017-12-31');
INSERT INTO `users_roles` (`user_role_id`, `user_id`, `role_id`, `start_date`, `end_date`) VALUES (23,21,2,'2016-09-01','2017-12-31');
INSERT INTO `users_roles` (`user_role_id`, `user_id`, `role_id`, `start_date`, `end_date`) VALUES (24,22,2,'2016-09-01','2017-12-31');
INSERT INTO `users_roles` (`user_role_id`, `user_id`, `role_id`, `start_date`, `end_date`) VALUES (25,23,2,'2016-09-01','2017-12-31');
INSERT INTO `users_roles` (`user_role_id`, `user_id`, `role_id`, `start_date`, `end_date`) VALUES (26,24,2,'2016-09-01','2017-12-31');
INSERT INTO `users_roles` (`user_role_id`, `user_id`, `role_id`, `start_date`, `end_date`) VALUES (27,25,2,'2016-09-01','2017-12-31');
INSERT INTO `users_roles` (`user_role_id`, `user_id`, `role_id`, `start_date`, `end_date`) VALUES (28,26,2,'2016-09-01','2017-12-31');
INSERT INTO `users_roles` (`user_role_id`, `user_id`, `role_id`, `start_date`, `end_date`) VALUES (29,27,2,'2016-09-01','2017-12-31');
INSERT INTO `users_roles` (`user_role_id`, `user_id`, `role_id`, `start_date`, `end_date`) VALUES (30,28,2,'2016-09-01','2017-12-31');
INSERT INTO `users_roles` (`user_role_id`, `user_id`, `role_id`, `start_date`, `end_date`) VALUES (31,29,2,'2016-09-01','2017-12-31');
INSERT INTO `users_roles` (`user_role_id`, `user_id`, `role_id`, `start_date`, `end_date`) VALUES (32,30,2,'2016-09-01','2017-12-31');
INSERT INTO `users_roles` (`user_role_id`, `user_id`, `role_id`, `start_date`, `end_date`) VALUES (33,31,2,'2016-09-01','2017-12-31');
INSERT INTO `users_roles` (`user_role_id`, `user_id`, `role_id`, `start_date`, `end_date`) VALUES (34,32,2,'2016-09-01','2017-12-31');
INSERT INTO `users_roles` (`user_role_id`, `user_id`, `role_id`, `start_date`, `end_date`) VALUES (35,33,2,'2016-09-01','2017-12-31');
INSERT INTO `users_roles` (`user_role_id`, `user_id`, `role_id`, `start_date`, `end_date`) VALUES (36,34,2,'2016-09-01','2017-12-31');
INSERT INTO `users_roles` (`user_role_id`, `user_id`, `role_id`, `start_date`, `end_date`) VALUES (37,35,2,'2016-09-01','2017-12-31');
INSERT INTO `users_roles` (`user_role_id`, `user_id`, `role_id`, `start_date`, `end_date`) VALUES (38,36,2,'2016-09-01','2017-12-31');
INSERT INTO `users_roles` (`user_role_id`, `user_id`, `role_id`, `start_date`, `end_date`) VALUES (39,37,2,'2016-09-01','2017-12-31');
INSERT INTO `users_roles` (`user_role_id`, `user_id`, `role_id`, `start_date`, `end_date`) VALUES (40,38,2,'2016-09-01','2017-12-31');
INSERT INTO `users_roles` (`user_role_id`, `user_id`, `role_id`, `start_date`, `end_date`) VALUES (42,40,2,'2016-09-01','2017-12-31');
INSERT INTO `users_roles` (`user_role_id`, `user_id`, `role_id`, `start_date`, `end_date`) VALUES (43,41,2,'2016-09-01','2017-12-31');
INSERT INTO `users_roles` (`user_role_id`, `user_id`, `role_id`, `start_date`, `end_date`) VALUES (44,42,2,'2016-09-01','2017-12-31');
INSERT INTO `users_roles` (`user_role_id`, `user_id`, `role_id`, `start_date`, `end_date`) VALUES (79,42,4,'2016-09-01','2017-12-31');
INSERT INTO `users_roles` (`user_role_id`, `user_id`, `role_id`, `start_date`, `end_date`) VALUES (45,43,2,'2016-09-01','2017-12-31');
INSERT INTO `users_roles` (`user_role_id`, `user_id`, `role_id`, `start_date`, `end_date`) VALUES (46,44,2,'2016-09-01','2017-12-31');
INSERT INTO `users_roles` (`user_role_id`, `user_id`, `role_id`, `start_date`, `end_date`) VALUES (80,44,3,'2016-09-01','2017-12-31');
INSERT INTO `users_roles` (`user_role_id`, `user_id`, `role_id`, `start_date`, `end_date`) VALUES (47,45,2,'2016-09-01','2017-12-31');
INSERT INTO `users_roles` (`user_role_id`, `user_id`, `role_id`, `start_date`, `end_date`) VALUES (48,46,2,'2016-09-01','2017-12-31');
INSERT INTO `users_roles` (`user_role_id`, `user_id`, `role_id`, `start_date`, `end_date`) VALUES (49,47,2,'2016-09-01','2017-12-31');
INSERT INTO `users_roles` (`user_role_id`, `user_id`, `role_id`, `start_date`, `end_date`) VALUES (50,48,2,'2016-09-01','2017-12-31');
INSERT INTO `users_roles` (`user_role_id`, `user_id`, `role_id`, `start_date`, `end_date`) VALUES (78,48,5,'2016-09-01','2017-12-31');
INSERT INTO `users_roles` (`user_role_id`, `user_id`, `role_id`, `start_date`, `end_date`) VALUES (51,49,2,'2016-09-01','2017-12-31');
INSERT INTO `users_roles` (`user_role_id`, `user_id`, `role_id`, `start_date`, `end_date`) VALUES (52,50,2,'2016-09-01','2017-12-31');
INSERT INTO `users_roles` (`user_role_id`, `user_id`, `role_id`, `start_date`, `end_date`) VALUES (53,51,2,'2016-09-01','2017-12-31');
INSERT INTO `users_roles` (`user_role_id`, `user_id`, `role_id`, `start_date`, `end_date`) VALUES (54,52,2,'2016-09-01','2017-12-31');
INSERT INTO `users_roles` (`user_role_id`, `user_id`, `role_id`, `start_date`, `end_date`) VALUES (55,53,2,'2016-09-01','2017-12-31');
INSERT INTO `users_roles` (`user_role_id`, `user_id`, `role_id`, `start_date`, `end_date`) VALUES (56,54,2,'2016-09-01','2017-12-31');
INSERT INTO `users_roles` (`user_role_id`, `user_id`, `role_id`, `start_date`, `end_date`) VALUES (57,55,2,'2016-09-01','2017-12-31');
INSERT INTO `users_roles` (`user_role_id`, `user_id`, `role_id`, `start_date`, `end_date`) VALUES (58,56,2,'2016-09-01','2017-12-31');
INSERT INTO `users_roles` (`user_role_id`, `user_id`, `role_id`, `start_date`, `end_date`) VALUES (59,57,2,'2016-09-01','2017-12-31');
INSERT INTO `users_roles` (`user_role_id`, `user_id`, `role_id`, `start_date`, `end_date`) VALUES (60,58,2,'2016-09-01','2017-12-31');
INSERT INTO `users_roles` (`user_role_id`, `user_id`, `role_id`, `start_date`, `end_date`) VALUES (61,59,2,'2016-09-01','2017-12-31');
INSERT INTO `users_roles` (`user_role_id`, `user_id`, `role_id`, `start_date`, `end_date`) VALUES (62,60,2,'2016-09-01','2017-12-31');
INSERT INTO `users_roles` (`user_role_id`, `user_id`, `role_id`, `start_date`, `end_date`) VALUES (63,61,2,'2016-09-01','2017-12-31');
INSERT INTO `users_roles` (`user_role_id`, `user_id`, `role_id`, `start_date`, `end_date`) VALUES (64,62,2,'2016-09-01','2017-12-31');
INSERT INTO `users_roles` (`user_role_id`, `user_id`, `role_id`, `start_date`, `end_date`) VALUES (65,63,2,'2016-09-01','2017-12-31');
INSERT INTO `users_roles` (`user_role_id`, `user_id`, `role_id`, `start_date`, `end_date`) VALUES (66,64,2,'2016-09-01','2017-12-31');
INSERT INTO `users_roles` (`user_role_id`, `user_id`, `role_id`, `start_date`, `end_date`) VALUES (67,65,2,'2016-09-01','2017-12-31');
INSERT INTO `users_roles` (`user_role_id`, `user_id`, `role_id`, `start_date`, `end_date`) VALUES (68,66,2,'2016-09-01','2017-12-31');
INSERT INTO `users_roles` (`user_role_id`, `user_id`, `role_id`, `start_date`, `end_date`) VALUES (69,67,2,'2016-09-01','2017-12-31');
INSERT INTO `users_roles` (`user_role_id`, `user_id`, `role_id`, `start_date`, `end_date`) VALUES (70,68,2,'2016-09-01','2017-12-31');
INSERT INTO `users_roles` (`user_role_id`, `user_id`, `role_id`, `start_date`, `end_date`) VALUES (71,69,2,'2016-09-01','2017-12-31');
INSERT INTO `users_roles` (`user_role_id`, `user_id`, `role_id`, `start_date`, `end_date`) VALUES (72,70,2,'2016-09-01','2017-12-31');
INSERT INTO `users_roles` (`user_role_id`, `user_id`, `role_id`, `start_date`, `end_date`) VALUES (73,71,2,'2016-09-01','2017-12-31');
INSERT INTO `users_roles` (`user_role_id`, `user_id`, `role_id`, `start_date`, `end_date`) VALUES (74,72,2,'2016-09-01','2017-12-31');
INSERT INTO `users_roles` (`user_role_id`, `user_id`, `role_id`, `start_date`, `end_date`) VALUES (75,73,2,'2016-09-01','2017-12-31');
INSERT INTO `users_roles` (`user_role_id`, `user_id`, `role_id`, `start_date`, `end_date`) VALUES (76,74,2,'2016-09-01','2017-12-31');
INSERT INTO `users_roles` (`user_role_id`, `user_id`, `role_id`, `start_date`, `end_date`) VALUES (77,75,2,'2016-09-01','2017-12-31');
INSERT INTO `users_roles` (`user_role_id`, `user_id`, `role_id`, `start_date`, `end_date`) VALUES (81,75,3,'2016-09-01','2017-12-31');
INSERT INTO `users_roles` (`user_role_id`, `user_id`, `role_id`, `start_date`, `end_date`) VALUES (3,76,2,'2016-09-01','2017-12-31');
INSERT INTO `users_roles` (`user_role_id`, `user_id`, `role_id`, `start_date`, `end_date`) VALUES (82,76,6,'2016-09-01','2017-12-31');
INSERT INTO `users_roles` (`user_role_id`, `user_id`, `role_id`, `start_date`, `end_date`) VALUES (4,77,2,'2016-09-01','2017-12-31');
INSERT INTO `users_roles` (`user_role_id`, `user_id`, `role_id`, `start_date`, `end_date`) VALUES (5,78,2,'2016-09-01','2017-12-31');
INSERT INTO `users_roles` (`user_role_id`, `user_id`, `role_id`, `start_date`, `end_date`) VALUES (6,79,2,'2016-09-01','2017-12-31');

INSERT INTO `verifications` (`verification_id`, `creation_date`, `evaluation_date`, `observation`, `status`, `responsible_id`) VALUES (1,'2016-09-13 16:52:38','2016-09-13 16:53:43','Precisa melhorar os objetivos',3,1);
INSERT INTO `verifications` (`verification_id`, `creation_date`, `evaluation_date`, `observation`, `status`, `responsible_id`) VALUES (2,'2016-09-13 16:54:30','2016-09-13 16:55:16','Ok!',2,1);

/*!40101 SET SQL_MODE=@OLD_SQL_MODE */;
/*!40014 SET FOREIGN_KEY_CHECKS=@OLD_FOREIGN_KEY_CHECKS */;
/*!40014 SET UNIQUE_CHECKS=@OLD_UNIQUE_CHECKS */;
/*!40101 SET CHARACTER_SET_CLIENT=@OLD_CHARACTER_SET_CLIENT */;
/*!40101 SET CHARACTER_SET_RESULTS=@OLD_CHARACTER_SET_RESULTS */;
/*!40101 SET COLLATION_CONNECTION=@OLD_COLLATION_CONNECTION */;
/*!40111 SET SQL_NOTES=@OLD_SQL_NOTES */;